{
  "0": {
    "precision": 0.75,
    "recall": 0.9473684210526315,
    "f1-score": 0.8372093023255814,
    "support": 19.0
  },
  "1": {
    "precision": 0.9024390243902439,
    "recall": 0.9736842105263158,
    "f1-score": 0.9367088607594937,
    "support": 38.0
  },
  "2": {
    "precision": 0.8536585365853658,
    "recall": 1.0,
    "f1-score": 0.9210526315789473,
    "support": 35.0
  },
  "micro avg": {
    "precision": 0.8490566037735849,
    "recall": 0.9782608695652174,
    "f1-score": 0.9090909090909091,
    "support": 92.0
  },
  "macro avg": {
    "precision": 0.8353658536585366,
    "recall": 0.9736842105263158,
    "f1-score": 0.8983235982213408,
    "support": 92.0
  },
  "weighted avg": {
    "precision": 0.8523992576882291,
    "recall": 0.9782608695652174,
    "f1-score": 0.9102038647642388,
    "support": 92.0
  },
  "samples avg": {
    "precision": 0.8043478260869563,
    "recall": 0.9166666666666666,
    "f1-score": 0.839855072463768,
    "support": 92.0
  }
}