{
  "0": {
    "precision": 0.5714285714285714,
    "recall": 0.6666666666666666,
    "f1-score": 0.6153846153846154,
    "support": 6.0
  },
  "1": {
    "precision": 0.75,
    "recall": 1.0,
    "f1-score": 0.8571428571428571,
    "support": 3.0
  },
  "2": {
    "precision": 0.6666666666666666,
    "recall": 0.6666666666666666,
    "f1-score": 0.6666666666666666,
    "support": 9.0
  },
  "micro avg": {
    "precision": 0.65,
    "recall": 0.7222222222222222,
    "f1-score": 0.6842105263157895,
    "support": 18.0
  },
  "macro avg": {
    "precision": 0.6626984126984127,
    "recall": 0.7777777777777777,
    "f1-score": 0.7130647130647131,
    "support": 18.0
  },
  "weighted avg": {
    "precision": 0.6488095238095238,
    "recall": 0.7222222222222222,
    "f1-score": 0.6813186813186812,
    "support": 18.0
  },
  "samples avg": {
    "precision": 0.4523809523809524,
    "recall": 0.5357142857142857,
    "f1-score": 0.4714285714285714,
    "support": 18.0
  }
}