{
  "0": {
    "precision": 0.7894736842105263,
    "recall": 0.8333333333333334,
    "f1-score": 0.8108108108108109,
    "support": 18.0
  },
  "1": {
    "precision": 0.9523809523809523,
    "recall": 0.975609756097561,
    "f1-score": 0.963855421686747,
    "support": 41.0
  },
  "2": {
    "precision": 0.926829268292683,
    "recall": 1.0,
    "f1-score": 0.9620253164556962,
    "support": 38.0
  },
  "micro avg": {
    "precision": 0.9117647058823529,
    "recall": 0.9587628865979382,
    "f1-score": 0.9346733668341709,
    "support": 97.0
  },
  "macro avg": {
    "precision": 0.8895613016280538,
    "recall": 0.9363143631436315,
    "f1-score": 0.9122305163177513,
    "support": 97.0
  },
  "weighted avg": {
    "precision": 0.9121407995724791,
    "recall": 0.9587628865979382,
    "f1-score": 0.9347384423615225,
    "support": 97.0
  },
  "samples avg": {
    "precision": 0.8804347826086955,
    "recall": 0.9202898550724636,
    "f1-score": 0.8891304347826086,
    "support": 97.0
  }
}