{
  "0": {
    "precision": 0.4,
    "recall": 1.0,
    "f1-score": 0.5714285714285714,
    "support": 4.0
  },
  "1": {
    "precision": 1.0,
    "recall": 0.4,
    "f1-score": 0.5714285714285714,
    "support": 10.0
  },
  "accuracy": 0.5714285714285714,
  "macro avg": {
    "precision": 0.7,
    "recall": 0.7,
    "f1-score": 0.5714285714285714,
    "support": 14.0
  },
  "weighted avg": {
    "precision": 0.8285714285714285,
    "recall": 0.5714285714285714,
    "f1-score": 0.5714285714285714,
    "support": 14.0
  }
}