{
  "0": {
    "precision": 0.45098039215686275,
    "recall": 0.8518518518518519,
    "f1-score": 0.5897435897435898,
    "support": 27.0
  },
  "1": {
    "precision": 0.7777777777777778,
    "recall": 0.3333333333333333,
    "f1-score": 0.4666666666666667,
    "support": 42.0
  },
  "accuracy": 0.5362318840579711,
  "macro avg": {
    "precision": 0.6143790849673203,
    "recall": 0.5925925925925926,
    "f1-score": 0.5282051282051282,
    "support": 69.0
  },
  "weighted avg": {
    "precision": 0.6499005399261154,
    "recall": 0.5362318840579711,
    "f1-score": 0.5148272017837237,
    "support": 69.0
  }
}