{
  "0": {
    "precision": 1.0,
    "recall": 0.5,
    "f1-score": 0.6666666666666666,
    "support": 6.0
  },
  "1": {
    "precision": 0.6666666666666666,
    "recall": 0.6666666666666666,
    "f1-score": 0.6666666666666666,
    "support": 3.0
  },
  "2": {
    "precision": 0.7777777777777778,
    "recall": 0.7777777777777778,
    "f1-score": 0.7777777777777778,
    "support": 9.0
  },
  "micro avg": {
    "precision": 0.8,
    "recall": 0.6666666666666666,
    "f1-score": 0.7272727272727273,
    "support": 18.0
  },
  "macro avg": {
    "precision": 0.8148148148148148,
    "recall": 0.648148148148148,
    "f1-score": 0.7037037037037037,
    "support": 18.0
  },
  "weighted avg": {
    "precision": 0.8333333333333334,
    "recall": 0.6666666666666666,
    "f1-score": 0.7222222222222222,
    "support": 18.0
  },
  "samples avg": {
    "precision": 0.5833333333333333,
    "recall": 0.5357142857142857,
    "f1-score": 0.5333333333333333,
    "support": 18.0
  }
}