{
  "0": {
    "precision": 0.7647058823529411,
    "recall": 0.8666666666666667,
    "f1-score": 0.8125,
    "support": 15.0
  },
  "1": {
    "precision": 0.9230769230769231,
    "recall": 0.972972972972973,
    "f1-score": 0.9473684210526315,
    "support": 37.0
  },
  "2": {
    "precision": 0.918918918918919,
    "recall": 1.0,
    "f1-score": 0.9577464788732394,
    "support": 34.0
  },
  "micro avg": {
    "precision": 0.8924731182795699,
    "recall": 0.9651162790697675,
    "f1-score": 0.9273743016759777,
    "support": 86.0
  },
  "macro avg": {
    "precision": 0.8689005747829278,
    "recall": 0.9465465465465467,
    "f1-score": 0.9058716333086236,
    "support": 86.0
  },
  "weighted avg": {
    "precision": 0.8938102050277154,
    "recall": 0.9651162790697675,
    "f1-score": 0.9279478123329944,
    "support": 86.0
  },
  "samples avg": {
    "precision": 0.8259259259259258,
    "recall": 0.8814814814814814,
    "f1-score": 0.8385185185185183,
    "support": 86.0
  }
}