{
  "0": {
    "precision": 0.3333333333333333,
    "recall": 0.16666666666666666,
    "f1-score": 0.2222222222222222,
    "support": 6.0
  },
  "1": {
    "precision": 0.3333333333333333,
    "recall": 1.0,
    "f1-score": 0.5,
    "support": 3.0
  },
  "2": {
    "precision": 0.8333333333333334,
    "recall": 0.5555555555555556,
    "f1-score": 0.6666666666666666,
    "support": 9.0
  },
  "micro avg": {
    "precision": 0.5,
    "recall": 0.5,
    "f1-score": 0.5,
    "support": 18.0
  },
  "macro avg": {
    "precision": 0.5,
    "recall": 0.5740740740740741,
    "f1-score": 0.46296296296296297,
    "support": 18.0
  },
  "weighted avg": {
    "precision": 0.5833333333333334,
    "recall": 0.5,
    "f1-score": 0.4907407407407407,
    "support": 18.0
  },
  "samples avg": {
    "precision": 0.2857142857142857,
    "recall": 0.2857142857142857,
    "f1-score": 0.2857142857142857,
    "support": 18.0
  }
}