{
  "0": {
    "precision": 0.375,
    "recall": 0.75,
    "f1-score": 0.5,
    "support": 4.0
  },
  "1": {
    "precision": 0.8333333333333334,
    "recall": 0.5,
    "f1-score": 0.625,
    "support": 10.0
  },
  "accuracy": 0.5714285714285714,
  "macro avg": {
    "precision": 0.6041666666666667,
    "recall": 0.625,
    "f1-score": 0.5625,
    "support": 14.0
  },
  "weighted avg": {
    "precision": 0.7023809523809524,
    "recall": 0.5714285714285714,
    "f1-score": 0.5892857142857143,
    "support": 14.0
  }
}