{
  "0": {
    "precision": 0.5555555555555556,
    "recall": 0.8333333333333334,
    "f1-score": 0.6666666666666666,
    "support": 6.0
  },
  "1": {
    "precision": 1.0,
    "recall": 1.0,
    "f1-score": 1.0,
    "support": 3.0
  },
  "2": {
    "precision": 0.7,
    "recall": 0.7777777777777778,
    "f1-score": 0.7368421052631579,
    "support": 9.0
  },
  "micro avg": {
    "precision": 0.6818181818181818,
    "recall": 0.8333333333333334,
    "f1-score": 0.75,
    "support": 18.0
  },
  "macro avg": {
    "precision": 0.7518518518518519,
    "recall": 0.8703703703703703,
    "f1-score": 0.8011695906432749,
    "support": 18.0
  },
  "weighted avg": {
    "precision": 0.7018518518518518,
    "recall": 0.8333333333333334,
    "f1-score": 0.7573099415204678,
    "support": 18.0
  },
  "samples avg": {
    "precision": 0.6190476190476192,
    "recall": 0.6071428571428571,
    "f1-score": 0.5809523809523809,
    "support": 18.0
  }
}