{
  "0": {
    "precision": 0.6,
    "recall": 0.5,
    "f1-score": 0.5454545454545454,
    "support": 6.0
  },
  "1": {
    "precision": 0.75,
    "recall": 1.0,
    "f1-score": 0.8571428571428571,
    "support": 3.0
  },
  "2": {
    "precision": 0.6666666666666666,
    "recall": 0.8888888888888888,
    "f1-score": 0.7619047619047619,
    "support": 9.0
  },
  "micro avg": {
    "precision": 0.6666666666666666,
    "recall": 0.7777777777777778,
    "f1-score": 0.717948717948718,
    "support": 18.0
  },
  "macro avg": {
    "precision": 0.6722222222222222,
    "recall": 0.7962962962962963,
    "f1-score": 0.7215007215007215,
    "support": 18.0
  },
  "weighted avg": {
    "precision": 0.6583333333333333,
    "recall": 0.7777777777777778,
    "f1-score": 0.7056277056277056,
    "support": 18.0
  },
  "samples avg": {
    "precision": 0.5476190476190476,
    "recall": 0.5833333333333334,
    "f1-score": 0.5428571428571428,
    "support": 18.0
  }
}