{
  "0": {
    "precision": 0.3695652173913043,
    "recall": 0.6296296296296297,
    "f1-score": 0.4657534246575342,
    "support": 27.0
  },
  "1": {
    "precision": 0.5652173913043478,
    "recall": 0.30952380952380953,
    "f1-score": 0.4,
    "support": 42.0
  },
  "accuracy": 0.43478260869565216,
  "macro avg": {
    "precision": 0.46739130434782605,
    "recall": 0.4695767195767196,
    "f1-score": 0.4328767123287671,
    "support": 69.0
  },
  "weighted avg": {
    "precision": 0.48865784499054815,
    "recall": 0.43478260869565216,
    "f1-score": 0.4257296009529482,
    "support": 69.0
  }
}