{
  "0": {
    "precision": 1.0,
    "recall": 1.0,
    "f1-score": 1.0,
    "support": 6.0
  },
  "1": {
    "precision": 1.0,
    "recall": 1.0,
    "f1-score": 1.0,
    "support": 3.0
  },
  "2": {
    "precision": 0.8181818181818182,
    "recall": 1.0,
    "f1-score": 0.9,
    "support": 9.0
  },
  "micro avg": {
    "precision": 0.9,
    "recall": 1.0,
    "f1-score": 0.9473684210526315,
    "support": 18.0
  },
  "macro avg": {
    "precision": 0.9393939393939394,
    "recall": 1.0,
    "f1-score": 0.9666666666666667,
    "support": 18.0
  },
  "weighted avg": {
    "precision": 0.9090909090909091,
    "recall": 1.0,
    "f1-score": 0.9500000000000001,
    "support": 18.0
  },
  "samples avg": {
    "precision": 0.6785714285714286,
    "recall": 0.7142857142857143,
    "f1-score": 0.6904761904761905,
    "support": 18.0
  }
}