{
  "0": {
    "precision": 0.5555555555555556,
    "recall": 0.8333333333333334,
    "f1-score": 0.6666666666666666,
    "support": 6.0
  },
  "1": {
    "precision": 1.0,
    "recall": 1.0,
    "f1-score": 1.0,
    "support": 3.0
  },
  "2": {
    "precision": 0.7142857142857143,
    "recall": 0.5555555555555556,
    "f1-score": 0.625,
    "support": 9.0
  },
  "micro avg": {
    "precision": 0.6842105263157895,
    "recall": 0.7222222222222222,
    "f1-score": 0.7027027027027027,
    "support": 18.0
  },
  "macro avg": {
    "precision": 0.7566137566137566,
    "recall": 0.7962962962962964,
    "f1-score": 0.7638888888888888,
    "support": 18.0
  },
  "weighted avg": {
    "precision": 0.7089947089947091,
    "recall": 0.7222222222222222,
    "f1-score": 0.7013888888888888,
    "support": 18.0
  },
  "samples avg": {
    "precision": 0.5238095238095238,
    "recall": 0.5476190476190477,
    "f1-score": 0.5047619047619047,
    "support": 18.0
  }
}