{
  "0": {
    "precision": 0.6,
    "recall": 0.5,
    "f1-score": 0.5454545454545454,
    "support": 6.0
  },
  "1": {
    "precision": 1.0,
    "recall": 0.6666666666666666,
    "f1-score": 0.8,
    "support": 3.0
  },
  "2": {
    "precision": 0.7142857142857143,
    "recall": 0.5555555555555556,
    "f1-score": 0.625,
    "support": 9.0
  },
  "micro avg": {
    "precision": 0.7142857142857143,
    "recall": 0.5555555555555556,
    "f1-score": 0.625,
    "support": 18.0
  },
  "macro avg": {
    "precision": 0.7714285714285715,
    "recall": 0.5740740740740741,
    "f1-score": 0.6568181818181819,
    "support": 18.0
  },
  "weighted avg": {
    "precision": 0.7238095238095238,
    "recall": 0.5555555555555556,
    "f1-score": 0.6276515151515151,
    "support": 18.0
  },
  "samples avg": {
    "precision": 0.5,
    "recall": 0.4523809523809524,
    "f1-score": 0.4404761904761905,
    "support": 18.0
  }
}