{
  "0": {
    "precision": 1.0,
    "recall": 0.3333333333333333,
    "f1-score": 0.5,
    "support": 6.0
  },
  "1": {
    "precision": 1.0,
    "recall": 0.3333333333333333,
    "f1-score": 0.5,
    "support": 3.0
  },
  "2": {
    "precision": 0.7142857142857143,
    "recall": 0.5555555555555556,
    "f1-score": 0.625,
    "support": 9.0
  },
  "micro avg": {
    "precision": 0.8,
    "recall": 0.4444444444444444,
    "f1-score": 0.5714285714285714,
    "support": 18.0
  },
  "macro avg": {
    "precision": 0.9047619047619048,
    "recall": 0.40740740740740744,
    "f1-score": 0.5416666666666666,
    "support": 18.0
  },
  "weighted avg": {
    "precision": 0.8571428571428572,
    "recall": 0.4444444444444444,
    "f1-score": 0.5625,
    "support": 18.0
  },
  "samples avg": {
    "precision": 0.5357142857142857,
    "recall": 0.380952380952381,
    "f1-score": 0.41666666666666663,
    "support": 18.0
  }
}