{
  "opcode_sequence": "",
  "opcode_entropy": 0.0,
  "opcode_count": 0,
  "unique_opcodes": 0,
  "byte_entropy": 0.0,
  "byte_0x": 1.0,
  "num_nodes": 5,
  "num_edges": 4,
  "avg_degree": 1.6,
  "density": 0.2,
  "connected_components": 1,
  "avg_clustering": 0.0,
  "txn_nums": 23,
  "event_nums": 51,
  "creation_block": 5119374,
  "creation_timestamp": 1519054988,
  "life_time": 2993484.0,
  "duration_seconds": 43563759.0,
  "from_creation_to_transfer": 0.0,
  "num_addresses": 6,
  "num_buyers": 1,
  "num_sellers": 4,
  "num_creator_transfers": 0,
  "buy_amt": 0,
  "sell_amt": 0.0,
  "avg_value": 0.0,
  "txn_per_block": 7.683352346846568e-06,
  "avg_gas_limit": 368708.0,
  "std_gas_limit": 376705.99624052335,
  "avg_gas_used": 77640.82608695653,
  "std_gas_used": 148597.001968602,
  "avg_gas_price": 40260869565.21739,
  "std_gas_price": 17116524919.819818,
  "transfer_num": 22,
  "timeline_sequence": [
    [
      5162004,
      1519684258,
      0,
      20,
      0,
      300000,
      40000000000,
      0,
      1,
      1159445,
      52133,
      17930913
    ],
    [
      5167067,
      1519758908,
      1,
      8,
      0,
      500000,
      40000000000,
      0,
      1,
      419959,
      52133,
      17925850
    ],
    [
      5167127,
      1519759589,
      2,
      147,
      0,
      500000,
      40000000000,
      0,
      1,
      4026761,
      52133,
      17925790
    ],
    [
      5170768,
      1519813034,
      3,
      51,
      0,
      400000,
      40000000000,
      0,
      1,
      1941569,
      52069,
      17922149
    ],
    [
      5195068,
      1520168997,
      4,
      21,
      0,
      300000,
      40000000000,
      0,
      1,
      714851,
      52133,
      17897849
    ],
    [
      5200641,
      1520250517,
      5,
      49,
      0,
      300000,
      40000000000,
      0,
      1,
      1998593,
      52197,
      17892276
    ],
    [
      5206890,
      1520342928,
      6,
      10,
      0,
      300000,
      40000000000,
      0,
      1,
      402490,
      37197,
      17886027
    ],
    [
      5235980,
      1520769334,
      7,
      144,
      0,
      200000,
      40000000000,
      0,
      1,
      3428646,
      52133,
      17856937
    ],
    [
      5258402,
      1521099160,
      8,
      17,
      0,
      200000,
      40000000000,
      0,
      1,
      727232,
      52197,
      17834515
    ],
    [
      5282821,
      1521456153,
      9,
      168,
      0,
      300000,
      40000000000,
      0,
      1,
      4139019,
      52133,
      17810096
    ],
    [
      5319329,
      1521983715,
      10,
      49,
      0,
      300000,
      40000000000,
      0,
      1,
      1562705,
      52133,
      17773588
    ],
    [
      5319333,
      1521983773,
      11,
      12,
      0,
      300000,
      40000000000,
      0,
      1,
      403286,
      37133,
      17773584
    ],
    [
      5332081,
      1522167942,
      12,
      28,
      0,
      300000,
      40000000000,
      0,
      1,
      974403,
      52133,
      17760836
    ],
    [
      5333252,
      1522184445,
      13,
      7,
      0,
      300000,
      40000000000,
      0,
      1,
      233746,
      52133,
      17759665
    ],
    [
      5333310,
      1522185395,
      14,
      1,
      0,
      300000,
      60000000000,
      0,
      1,
      58133,
      37133,
      17759607
    ],
    [
      5339137,
      1522270432,
      15,
      2,
      0,
      300000,
      60000000000,
      0,
      1,
      94133,
      52133,
      17753780
    ],
    [
      5474400,
      1524231661,
      36,
      103,
      0,
      52197,
      2000000000,
      0,
      1,
      7811625,
      37197,
      17618517
    ],
    [
      5485088,
      1524389824,
      16,
      3,
      0,
      300000,
      60000000000,
      0,
      1,
      117145,
      37197,
      17607829
    ],
    [
      5544141,
      1525274722,
      17,
      3,
      0,
      300000,
      60000000000,
      0,
      1,
      115197,
      52197,
      17548776
    ],
    [
      5786215,
      1528961448,
      18,
      9,
      0,
      300000,
      60000000000,
      0,
      1,
      303983,
      37133,
      17306702
    ],
    [
      5786225,
      1528961627,
      19,
      10,
      0,
      300000,
      60000000000,
      0,
      1,
      411566,
      37133,
      17306692
    ],
    [
      8112858,
      1562618747,
      2,
      34,
      0,
      55699,
      4000000000,
      0,
      1,
      2479299,
      22133,
      14980059
    ],
    [
      5119374,
      1519054988,
      0,
      0,
      0,
      2072388,
      0,
      0,
      0,
      0,
      773493,
      0
    ]
  ],