{
  "opcode_sequence": "PUSH1 PUSH1 MSTORE PUSH1 CALLDATASIZE LT PUSH2 JUMPI PUSH1 CALLDATALOAD PUSH1 SHR DUP1 PUSH4 EQ PUSH2 JUMPI PUSH2 JUMP JUMPDEST CALLDATASIZE PUSH2 JUMPI PUSH2 PUSH2 JUMP JUMPDEST STOP JUMPDEST PUSH2 PUSH2 JUMP JUMPDEST CALLVALUE DUP1 ISZERO PUSH2 JUMPI PUSH1 DUP1 REVERT JUMPDEST POP PUSH2 PUSH1 DUP1 CALLDATASIZE SUB PUSH1 DUP2 LT ISZERO PUSH2 JUMPI PUSH1 DUP1 REVERT JUMPDEST POP CALLDATALOAD PUSH1 PUSH1 PUSH1 SHL SUB AND PUSH2 JUMP JUMPDEST PUSH2 PUSH2 JUMP JUMPDEST PUSH1 PUSH1 PUSH1 SHL SUB AND CALLER PUSH1 PUSH1 PUSH1 SHL SUB AND EQ ISZERO PUSH2 JUMPI PUSH1 DUP1 MLOAD PUSH3 PUSH1 SHL DUP2 MSTORE PUSH1 PUSH1 DUP3 ADD MSTORE PUSH1 PUSH1 DUP3 ADD MSTORE PUSH32 PUSH1 DUP3 ADD MSTORE SWAP1 MLOAD SWAP1 DUP2 SWAP1 SUB PUSH1 ADD SWAP1 REVERT JUMPDEST PUSH2 PUSH2 PUSH2 JUMP JUMPDEST PUSH2 JUMP JUMPDEST JUMP JUMPDEST PUSH2 PUSH2 JUMP JUMPDEST PUSH1 PUSH1 PUSH1 SHL SUB AND CALLER PUSH1 PUSH1 PUSH1 SHL SUB AND EQ ISZERO PUSH2 JUMPI PUSH2 DUP2 PUSH2 JUMP JUMPDEST PUSH2 JUMP JUMPDEST PUSH2 PUSH2 JUMP JUMPDEST POP JUMP JUMPDEST PUSH1 DUP2 EXTCODEHASH PUSH32 DUP2 DUP2 EQ DUP1 ISZERO SWAP1 PUSH2 JUMPI POP DUP2 ISZERO ISZERO JUMPDEST SWAP5 SWAP4 POP POP POP POP JUMP JUMPDEST PUSH32 SLOAD SWAP1 JUMP JUMPDEST PUSH32 SLOAD SWAP1 JUMP JUMPDEST CALLDATASIZE PUSH1 DUP1 CALLDATACOPY PUSH1 DUP1 CALLDATASIZE PUSH1 DUP5 GAS DELEGATECALL RETURNDATASIZE PUSH1 DUP1 RETURNDATACOPY DUP1 DUP1 ISZERO PUSH2 JUMPI RETURNDATASIZE PUSH1 RETURN JUMPDEST RETURNDATASIZE PUSH1 REVERT JUMPDEST PUSH2 DUP2 PUSH2 JUMP JUMPDEST PUSH2 JUMPI PUSH1 DUP1 REVERT JUMPDEST PUSH32 SSTORE JUMP UNKNOWN_0xfe LOG2 PUSH5 UNKNOWN_0x22 SLT SHA3 UNKNOWN_0xe6 UNKNOWN_0xc8 DUP16 EXP UNKNOWN_0x2b DUP1 UNKNOWN_0xb5 SHA3 PUSH24 INVALID_0x73",
  "opcode_entropy": 4.702590188052267,
  "opcode_count": 263,
  "unique_opcodes": 55,
  "byte_entropy": 6.353523020561416,
  "byte_0x": 0.0017452006980802793,
  "byte_60": 0.06980802792321117,
  "byte_80": 0.02617801047120419,
  "byte_40": 0.0034904013961605585,
  "byte_52": 0.010471204188481676,
  "byte_04": 0.006980802792321117,
  "byte_36": 0.012216404886561954,
  "byte_10": 0.0034904013961605585,
  "byte_61": 0.06282722513089005,
  "byte_00": 0.06108202443280977,
  "byte_22": 0.005235602094240838,
  "byte_57": 0.017452006980802792,
  "byte_35": 0.006980802792321117,
  "byte_e0": 0.0017452006980802793,
  "byte_1c": 0.0017452006980802793,
  "byte_63": 0.008726003490401396,
  "byte_2d": 0.005235602094240838,
  "byte_33": 0.006980802792321117,
  "byte_9b": 0.0017452006980802793,
  "byte_1e": 0.0034904013961605585,
  "byte_14": 0.006980802792321117,
  "byte_39": 0.0017452006980802793,
  "byte_31": 0.006980802792321117,
  "byte_56": 0.034904013961605584,
  "byte_5b": 0.04363001745200698,
  "byte_2f": 0.005235602094240838,
  "byte_6c": 0.010471204188481676,
  "byte_34": 0.0017452006980802793,
  "byte_15": 0.013961605584642234,
  "byte_45": 0.0017452006980802793,
  "byte_fd": 0.008726003490401396,
  "byte_50": 0.017452006980802792,
  "byte_03": 0.015706806282722512,
  "byte_20": 0.020942408376963352,
  "byte_81": 0.015706806282722512,
  "byte_5c": 0.0017452006980802793,
  "byte_01": 0.05235602094240838,
  "byte_a0": 0.008726003490401396,
  "byte_1b": 0.013961605584642234,
  "byte_16": 0.012216404886561954,
  "byte_ec": 0.0017452006980802793,
  "byte_74": 0.006980802792321117,
  "byte_62": 0.005235602094240838,
  "byte_da": 0.0017452006980802793,
  "byte_51": 0.0034904013961605585,
  "byte_46": 0.0034904013961605585,
  "byte_cd": 0.0017452006980802793,
  "byte_e5": 0.005235602094240838,
  "byte_82": 0.006980802792321117,
  "byte_1f": 0.0017452006980802793,
  "byte_24": 0.0034904013961605585,
  "byte_7f": 0.008726003490401396,
  "byte_43": 0.0034904013961605585,
  "byte_6e": 0.006980802792321117,
  "byte_6f": 0.006980802792321117,
  "byte_66": 0.0034904013961605585,
  "byte_72": 0.0034904013961605585,
  "byte_6d": 0.0017452006980802793,
  "byte_68": 0.0034904013961605585,
  "byte_65": 0.005235602094240838,
  "byte_75": 0.0017452006980802793,
  "byte_69": 0.0034904013961605585,
  "byte_44": 0.0017452006980802793,
  "byte_90": 0.012216404886561954,
  "byte_64": 0.006980802792321117,
  "byte_ea": 0.0017452006980802793,
  "byte_87": 0.0017452006980802793,
  "byte_ac": 0.0017452006980802793,
  "byte_f4": 0.0034904013961605585,
  "byte_d0": 0.0017452006980802793,
  "byte_23": 0.005235602094240838,
  "byte_3f": 0.0017452006980802793,
  "byte_c5": 0.0017452006980802793,
  "byte_d2": 0.0017452006980802793,
  "byte_86": 0.0017452006980802793,
  "byte_f7": 0.0034904013961605585,
  "byte_3c": 0.0017452006980802793,
  "byte_92": 0.0017452006980802793,
  "byte_7e": 0.0034904013961605585,
  "byte_7d": 0.0017452006980802793,
  "byte_b2": 0.0017452006980802793,
  "byte_dc": 0.0017452006980802793,
  "byte_c7": 0.0017452006980802793,
  "byte_c0": 0.0017452006980802793,
  "byte_b6": 0.0034904013961605585,
  "byte_53": 0.0017452006980802793,
  "byte_ca": 0.008726003490401396,
  "byte_27": 0.0034904013961605585,
  "byte_3b": 0.005235602094240838,
  "byte_7b": 0.0017452006980802793,
  "byte_fa": 0.0017452006980802793,
  "byte_d8": 0.0017452006980802793,
  "byte_5d": 0.006980802792321117,
  "byte_85": 0.0034904013961605585,
  "byte_a4": 0.0017452006980802793,
  "byte_70": 0.0034904013961605585,
  "byte_5a": 0.0034904013961605585,
  "byte_94": 0.005235602094240838,
  "byte_93": 0.0017452006980802793,
  "byte_b5": 0.0034904013961605585,
  "byte_4a": 0.0017452006980802793,
  "byte_8b": 0.0017452006980802793,
  "byte_73": 0.005235602094240838,
  "byte_ae": 0.0017452006980802793,
  "byte_13": 0.0017452006980802793,
  "byte_b9": 0.005235602094240838,
  "byte_f8": 0.0017452006980802793,
  "byte_a6": 0.0017452006980802793,
  "byte_3e": 0.006980802792321117,
  "byte_e8": 0.0034904013961605585,
  "byte_ee": 0.0017452006980802793,
  "byte_11": 0.0017452006980802793,
  "byte_78": 0.0034904013961605585,
  "byte_d6": 0.0017452006980802793,
  "byte_a7": 0.0017452006980802793,
  "byte_17": 0.0017452006980802793,
  "byte_0b": 0.0017452006980802793,
  "byte_54": 0.0034904013961605585,
  "byte_08": 0.0034904013961605585,
  "byte_a1": 0.006980802792321117,
  "byte_a3": 0.006980802792321117,
  "byte_21": 0.0034904013961605585,
  "byte_06": 0.005235602094240838,
  "byte_67": 0.0034904013961605585,
  "byte_c8": 0.005235602094240838,
  "byte_28": 0.0034904013961605585,
  "byte_49": 0.0034904013961605585,
  "byte_8d": 0.0034904013961605585,
  "byte_76": 0.0034904013961605585,
  "byte_cc": 0.0034904013961605585,
  "byte_37": 0.005235602094240838,
  "byte_a9": 0.0034904013961605585,
  "byte_38": 0.0034904013961605585,
  "byte_2b": 0.005235602094240838,
  "byte_bc": 0.0034904013961605585,
  "byte_84": 0.0017452006980802793,
  "byte_3d": 0.005235602094240838,
  "byte_cb": 0.0017452006980802793,
  "byte_f3": 0.0017452006980802793,
  "byte_d9": 0.0017452006980802793,
  "byte_26": 0.0017452006980802793,
  "byte_e2": 0.0034904013961605585,
  "byte_55": 0.0017452006980802793,
  "byte_fe": 0.0017452006980802793,
  "byte_a2": 0.0017452006980802793,
  "byte_58": 0.0017452006980802793,
  "byte_12": 0.0017452006980802793,
  "byte_e6": 0.0017452006980802793,
  "byte_8f": 0.0034904013961605585,
  "byte_0a": 0.0017452006980802793,
  "byte_77": 0.0017452006980802793,
  "byte_d7": 0.0017452006980802793,
  "byte_df": 0.0017452006980802793,
  "byte_a5": 0.0017452006980802793,
  "byte_4f": 0.0017452006980802793,
  "byte_b1": 0.0017452006980802793,
  "byte_0f": 0.0017452006980802793,
  "byte_b0": 0.0017452006980802793,
  "byte_89": 0.0017452006980802793,
  "byte_5f": 0.0017452006980802793,
  "byte_96": 0.0017452006980802793,
  "byte_0c": 0.0017452006980802793,
  "num_nodes": 3,
  "num_edges": 2,
  "avg_degree": 1.3333333333333333,
  "density": 0.3333333333333333,
  "connected_components": 1,
  "avg_clustering": 0.0,
  "txn_nums": 2,
  "event_nums": 0,
  "creation_block": 0,
  "creation_timestamp": 0,
  "life_time": 985149.0,
  "duration_seconds": 13608924.0,
  "from_creation_to_transfer": 0,
  "num_addresses": 3,