{
  "opcode_sequence": "PUSH1 PUSH1 MSTORE CALLVALUE DUP1 ISZERO PUSH2 JUMPI PUSH1 DUP1 REVERT JUMPDEST POP PUSH1 MLOAD PUSH2 CODESIZE SUB DUP1 PUSH2 DUP4 CODECOPY DUP2 DUP2 ADD PUSH1 MSTORE PUSH1 DUP2 LT ISZERO PUSH2 JUMPI PUSH1 DUP1 REVERT JUMPDEST DUP2 ADD SWAP1 DUP1 DUP1 MLOAD SWAP1 PUSH1 ADD SWAP1 SWAP3 SWAP2 SWAP1 POP POP POP PUSH1 PUSH20 AND DUP2 PUSH20 AND EQ ISZERO PUSH2 JUMPI PUSH1 MLOAD PUSH32 DUP2 MSTORE PUSH1 ADD DUP1 DUP1 PUSH1 ADD DUP3 DUP2 SUB DUP3 MSTORE PUSH1 DUP2 MSTORE PUSH1 ADD DUP1 PUSH2 PUSH1 SWAP2 CODECOPY PUSH1 ADD SWAP2 POP POP PUSH1 MLOAD DUP1 SWAP2 SUB SWAP1 REVERT JUMPDEST DUP1 PUSH1 DUP1 PUSH2 EXP DUP2 SLOAD DUP2 PUSH20 MUL NOT AND SWAP1 DUP4 PUSH20 AND MUL OR SWAP1 SSTORE POP POP PUSH1 DUP1 PUSH2 PUSH1 CODECOPY PUSH1 RETURN UNKNOWN_0xfe PUSH1 PUSH1 MSTORE PUSH20 PUSH1 SLOAD AND PUSH32 PUSH1 CALLDATALOAD EQ ISZERO PUSH1 JUMPI DUP1 PUSH1 MSTORE PUSH1 PUSH1 RETURN JUMPDEST CALLDATASIZE PUSH1 DUP1 CALLDATACOPY PUSH1 DUP1 CALLDATASIZE PUSH1 DUP5 GAS DELEGATECALL RETURNDATASIZE PUSH1 DUP1 RETURNDATACOPY PUSH1 DUP2 EQ ISZERO PUSH1 JUMPI RETURNDATASIZE PUSH1 REVERT JUMPDEST RETURNDATASIZE PUSH1 RETURN UNKNOWN_0xfe LOG2 PUSH5 UNKNOWN_0x22 SLT SHA3 UNKNOWN_0xd1 TIMESTAMP SWAP3 SWAP8 CALLVALUE SWAP7 MSTORE8 LOG4 SWAP2 DUP1 PUSH23 PUSH16 PUSH20 PUSH23 UNKNOWN_0xd1 PUSH2 POP EXTCODECOPY SSTORE UNKNOWN_0xce UNKNOWN_0xab UNKNOWN_0xee INVALID_0x70",
  "opcode_entropy": 5.051351752734015,
  "opcode_count": 210,
  "unique_opcodes": 60,
  "byte_entropy": 5.077442811587105,
  "byte_0x": 0.0019267822736030828,
  "byte_60": 0.07321772639691715,
  "byte_80": 0.038535645472061654,
  "byte_40": 0.01348747591522158,
  "byte_52": 0.017341040462427744,
  "byte_34": 0.0038535645472061657,
  "byte_15": 0.009633911368015413,
  "byte_61": 0.02119460500963391,
  "byte_00": 0.17533718689788053,
  "byte_10": 0.0038535645472061657,
  "byte_57": 0.009633911368015413,
  "byte_fd": 0.007707129094412331,
  "byte_5b": 0.009633911368015413,
  "byte_50": 0.02119460500963391,
  "byte_51": 0.007707129094412331,
  "byte_01": 0.023121387283236993,
  "byte_e6": 0.0038535645472061657,
  "byte_38": 0.0019267822736030828,
  "byte_03": 0.005780346820809248,
  "byte_83": 0.0038535645472061657,
  "byte_39": 0.005780346820809248,
  "byte_81": 0.02119460500963391,
  "byte_20": 0.017341040462427744,
  "byte_33": 0.005780346820809248,
  "byte_90": 0.01348747591522158,
  "byte_92": 0.0038535645472061657,
  "byte_91": 0.009633911368015413,
  "byte_73": 0.019267822736030827,
  "byte_ff": 0.1926782273603083,
  "byte_16": 0.009633911368015413,
  "byte_14": 0.005780346820809248,
  "byte_ca": 0.0019267822736030828,
  "byte_7f": 0.0038535645472061657,
  "byte_08": 0.0019267822736030828,
  "byte_c3": 0.0019267822736030828,
  "byte_79": 0.0019267822736030828,
  "byte_a0": 0.0019267822736030828,
  "byte_04": 0.0019267822736030828,
  "byte_82": 0.0038535645472061657,
  "byte_22": 0.005780346820809248,
  "byte_c4": 0.0019267822736030828,
  "byte_0a": 0.0019267822736030828,
  "byte_54": 0.0038535645472061657,
  "byte_02": 0.0038535645472061657,
  "byte_19": 0.005780346820809248,
  "byte_17": 0.0019267822736030828,
  "byte_55": 0.0038535645472061657,
  "byte_ab": 0.0038535645472061657,
  "byte_f3": 0.005780346820809248,
  "byte_fe": 0.0038535645472061657,
  "byte_a6": 0.0019267822736030828,
  "byte_48": 0.0019267822736030828,
  "byte_6e": 0.007707129094412331,
  "byte_35": 0.0019267822736030828,
  "byte_36": 0.0038535645472061657,
  "byte_37": 0.0019267822736030828,
  "byte_84": 0.0019267822736030828,
  "byte_5a": 0.0019267822736030828,
  "byte_f4": 0.0019267822736030828,
  "byte_3d": 0.005780346820809248,
  "byte_3e": 0.0038535645472061657,
  "byte_70": 0.007707129094412331,
  "byte_a2": 0.0019267822736030828,
  "byte_64": 0.01348747591522158,
  "byte_69": 0.007707129094412331,
  "byte_66": 0.0019267822736030828,
  "byte_58": 0.0019267822736030828,
  "byte_12": 0.0019267822736030828,
  "byte_d1": 0.0038535645472061657,
  "byte_42": 0.0019267822736030828,
  "byte_97": 0.0019267822736030828,
  "byte_96": 0.0019267822736030828,
  "byte_53": 0.0019267822736030828,
  "byte_a4": 0.0019267822736030828,
  "byte_76": 0.005780346820809248,
  "byte_d6": 0.0019267822736030828,
  "byte_2d": 0.0019267822736030828,
  "byte_e1": 0.0019267822736030828,
  "byte_a1": 0.0019267822736030828,
  "byte_06": 0.0038535645472061657,
  "byte_8c": 0.0019267822736030828,
  "byte_5f": 0.0019267822736030828,
  "byte_07": 0.0038535645472061657,
  "byte_c5": 0.0019267822736030828,
  "byte_c8": 0.0038535645472061657,
  "byte_23": 0.0019267822736030828,
  "byte_c2": 0.0019267822736030828,
  "byte_77": 0.0038535645472061657,
  "byte_0b": 0.0019267822736030828,
  "byte_95": 0.0038535645472061657,
  "byte_6f": 0.005780346820809248,
  "byte_6c": 0.005780346820809248,
  "byte_63": 0.0019267822736030828,
  "byte_43": 0.0019267822736030828,
  "byte_49": 0.0019267822736030828,
  "byte_67": 0.0019267822736030828,
  "byte_65": 0.005780346820809248,
  "byte_74": 0.0019267822736030828,
  "byte_72": 0.0038535645472061657,
  "byte_d9": 0.0019267822736030828,
  "byte_db": 0.0019267822736030828,
  "byte_27": 0.0019267822736030828,
  "byte_0c": 0.0019267822736030828,
  "byte_1b": 0.0019267822736030828,
  "byte_5e": 0.0019267822736030828,
  "byte_3b": 0.0019267822736030828,
  "byte_e8": 0.0019267822736030828,
  "byte_3c": 0.0019267822736030828,
  "byte_ce": 0.0019267822736030828,
  "byte_ee": 0.0019267822736030828,
  "num_nodes": 5,
  "num_edges": 4,
  "avg_degree": 1.6,
  "density": 0.2,
  "connected_components": 1,
  "avg_clustering": 0.0,
  "txn_nums": 5,
  "event_nums": 5,
  "creation_block": 15384108,
  "creation_timestamp": 1661086801,
  "life_time": 9457.0,
  "duration_seconds": 129420.0,
  "from_creation_to_transfer": 0.0,
  "num_addresses": 6,
  "num_buyers": 2,
  "num_sellers": 4,
  "num_creator_transfers": 1,
  "buy_amt": 1.5e+17,
  "sell_amt": 3e+17,
  "avg_value": 7.5e+16,
  "txn_per_block": 0.0005286529921759357,
  "avg_gas_limit": 154810.4,
  "std_gas_limit": 201130.09828327532,
  "avg_gas_used": 52068.2,
  "std_gas_used": 35037.37277479577,
  "avg_gas_price": 8171007010.6,
  "std_gas_price": 7929493686.91356,
  "safesetup_num": 1,
  "safereceived_num": 2,
  "executionsuccess_num": 2,
  "exectransaction_num": 2,
  "timeline_sequence": [
    [
      15384151,
      1661087338,
      1,
      251,
      300000000000000000,
      40993,
      7403385126,
      0,
      1,
      21834580,
      27329,
      7701576
    ],
    [
      15393545,
      1661215961,
      0,
      244,
      0,
      79898,
      12609116585,
      0,
      1,
      24906061,
      78633,
      7692182
    ],
    [
      15393565,
      1661216221,
      3,
      48,
      0,
      99357,
      20842533342,
      0,
      1,
      4332574,
      97770,
      7692162
    ],
    [
      15384108,
      1661086801,
      0,
      0,
      0,
      551504,
      0,
      0,
      0,
      0,
      56609,
      0
    ],
    [
      15393565,
      1661216221,
      0,
      0,
      150000000000000000,
      2300,
      0,
      0,
      0,
      0,
      0,
      0
    ]
  ],