{
  "opcode_sequence": "CALLDATASIZE RETURNDATASIZE RETURNDATASIZE CALLDATACOPY RETURNDATASIZE RETURNDATASIZE RETURNDATASIZE CALLDATASIZE RETURNDATASIZE PUSH20 GAS DELEGATECALL RETURNDATASIZE DUP3 DUP1 RETURNDATACOPY SWAP1 RETURNDATASIZE SWAP2 PUSH1 JUMPI REVERT JUMPDEST RETURN",
  "opcode_entropy": 3.5016291673878235,
  "opcode_count": 24,
  "unique_opcodes": 16,
  "byte_entropy": 4.784431521274405,
  "byte_0x": 0.021739130434782608,
  "byte_36": 0.043478260869565216,
  "byte_3d": 0.17391304347826086,
  "byte_37": 0.021739130434782608,
  "byte_73": 0.021739130434782608,
  "byte_99": 0.021739130434782608,
  "byte_15": 0.043478260869565216,
  "byte_5e": 0.021739130434782608,
  "byte_68": 0.021739130434782608,
  "byte_ac": 0.021739130434782608,
  "byte_23": 0.021739130434782608,
  "byte_b6": 0.021739130434782608,
  "byte_f4": 0.043478260869565216,
  "byte_61": 0.021739130434782608,
  "byte_f6": 0.021739130434782608,
  "byte_42": 0.021739130434782608,
  "byte_7a": 0.021739130434782608,
  "byte_90": 0.043478260869565216,
  "byte_60": 0.043478260869565216,
  "byte_7e": 0.021739130434782608,
  "byte_cc": 0.021739130434782608,
  "byte_f7": 0.021739130434782608,
  "byte_bd": 0.021739130434782608,
  "byte_f5": 0.021739130434782608,
  "byte_5a": 0.021739130434782608,
  "byte_82": 0.021739130434782608,
  "byte_80": 0.021739130434782608,
  "byte_3e": 0.021739130434782608,
  "byte_91": 0.021739130434782608,
  "byte_2b": 0.021739130434782608,
  "byte_57": 0.021739130434782608,
  "byte_fd": 0.021739130434782608,
  "byte_5b": 0.021739130434782608,
  "byte_f3": 0.021739130434782608,
  "num_nodes": 0,
  "num_edges": 0,
  "avg_degree": 0,
  "density": 0,
  "connected_components": 0,
  "avg_clustering": 0,
  "txn_nums": 0,
  "event_nums": 0,
  "creation_block": 0,
  "creation_timestamp": 0,
  "life_time": 0,
  "duration_seconds": 0,
  "from_creation_to_transfer": 0,
  "num_addresses": 0,
  "num_buyers": 0,
  "num_sellers": 0,
  "num_creator_transfers": 0,
  "buy_amt": 0,
  "sell_amt": 0,
  "avg_value": 0.0,
  "txn_per_block": 0,
  "avg_gas_limit": 0,
  "std_gas_limit": 0,
  "avg_gas_used": 0,
  "std_gas_used": 0,
  "avg_gas_price": 0,
  "std_gas_price": 0,
  "timeline_sequence": [],
  "sourcecode": ""
}