{
  "version": "20250812_185930_1_1",
  "timestamp": "2025-08-12T18:59:30.979744",
  "clf_model_summary": {
    "general_model": {
      "filename": "general_model.pkl",
      "f1_score": 0.8739691108112161,
      "params": {
        "model": "LightGBM",
        "n_estimators": 159,
        "max_depth": 20,
        "learning_rate": 0.2311146173350508
      },
      "field": "X_feature"
    },
    "sol_model": {
      "filename": "sol_model.pkl",
      "f1_score": 0.8641414141414142,
      "params": {
        "model": "BaggingClassifier",
        "n_estimators": 73,
        "n_max_features": 8290,
        "n_min_df": 3
      },
      "field": "X_code"
    },
    "opcode_model": {
      "filename": "opcode_model.pkl",
      "f1_score": 0.8414760530017026,
      "params": {
        "model": "BaggingClassifier",
        "n_estimators": 37,
        "ngram_range": "3",
        "n_max_features": 14830,
        "n_min_df": 3
      },
      "field": "X_opcode_seq"
    },
    "gru_model": {
      "filename": "gru_model.keras",
      "f1_score": 0.7934419381787802,
      "params": {
        "units": 182,
        "lr": 0.003069383615018538,
        "batch_size": 28,
        "epochs": 36
      },
      "field": "X_timeline_seq"
    },
    "fusion_model": {
      "f1_score": 1.0,
      "weights": {
        "general": 0.6968575995716776,
        "sol": 0.42834313361261556,
        "opcode": 0.6628822536286406,
        "gru": 0.5472816681957869
      },
      "thresholds": {
        "Mint": 0.41323309046757684,
        "Leak": 0.3999396706948628,
        "Limit": 0.6092389069127667
      }
    }
  },
  "anomaly_model_summary": {
    "general_model": {
      "filename": "if_general_model.pkl",
      "f1_score": 0.28272251308900526,
      "params": {
        "n_estimators": 134,
        "contamination": 0.19289565600482658,
        "max_features": 0.8537344035765027
      },
      "field": "X_feature"
    },
    "sol_model": {
      "filename": "if_sol_model.pkl",
      "f1_score": 0.3229166666666667,
      "params": {
        "n_estimators": 65,
        "contamination": 0.1987512887895623,
        "max_features": 0.8371509921697202,
        "n_max_features": 9095,
        "n_min_df": 1
      },
      "field": "X_code"
    },
    "opcode_model": {
      "filename": "if_opcode_model.pkl",
      "f1_score": 0.3229166666666667,
      "params": {
        "n_estimators": 111,
        "contamination": 0.19895358480459274,
        "max_features": 0.9964658400409071,
        "n_max_features": 6059,
        "n_min_df": 1,
        "ngram_range": "3"
      },
      "field": "X_opcode_seq"
    },
    "gru_model": {
      "filename": "gru_ae_model.keras",
      "MSE": 6.811516704447423e+32,
      "params": {
        "units": 144,
        "lr": 0.0006750873084415773,
        "batch_size": 117,
        "epochs": 69
      },
      "threshold": 1000000.0,
      "field": "X_timeline_seq"
    },
    "fusion_model": {
      "f1_score": 0.45714285714285713,
      "weights": {
        "if_opcode": 0.8745296717062314,
        "ae_timeline": 0.8439790523502257
      },
      "threshold": 0.3860569451235437
    }
  },
  "label_names": [
    "Leak",
    "Limit",
    "Mint"
  ],
  "train_size": 181,
  "test_size": 46,
  "notes": "Optuna 50 trials per model; test split=0.2."
}