{
  "version": "20250812_104319_1",
  "timestamp": "2025-08-12T10:43:19.015841",
  "clf_model_summary": {
    "general_model": {
      "filename": "general_model.pkl",
      "f1_score": 0.9017049666419571,
      "params": {
        "model": "XGBoost",
        "n_estimators": 139,
        "max_depth": 4,
        "learning_rate": 0.22259608303767583
      },
      "field": "X_feature"
    },
    "sol_model": {
      "filename": "sol_model.pkl",
      "f1_score": 0.9014172015629033,
      "params": {
        "model": "BaggingClassifier",
        "n_estimators": 41,
        "n_max_features": 6253,
        "n_min_df": 5
      },
      "field": "X_code"
    },
    "opcode_model": {
      "filename": "opcode_model.pkl",
      "f1_score": 0.8925925925925927,
      "params": {
        "model": "RandomForest",
        "n_estimators": 158,
        "max_depth": 3,
        "ngram_range": "3",
        "n_max_features": 5214,
        "n_min_df": 1
      },
      "field": "X_opcode_seq"
    },
    "gru_model": {
      "filename": "gru_model.keras",
      "f1_score": 0.793566631318487,
      "params": {
        "units": 513,
        "lr": 0.0077620033532750975,
        "batch_size": 16,
        "epochs": 81
      },
      "field": "X_timeline_seq"
    },
    "fusion_model": {
      "f1_score": 1.0,
      "weights": {
        "general": 0.6175141806615801,
        "sol": 0.37254084305198426,
        "opcode": 0.5988141979073731,
        "gru": 0.3491264992684058
      },
      "thresholds": {
        "Leak": 0.42763366812847603,
        "Limit": 0.4852952115786919,
        "Mint": 0.5678138372010811
      }
    }
  },
  "anomaly_model_summary": {
    "general_model": {
      "filename": "if_general_model.pkl",
      "f1_score": 0.2931937172774869,
      "params": {
        "n_estimators": 152,
        "contamination": 0.19728563012644748,
        "max_features": 0.5046404062980756
      },
      "field": "X_feature"
    },
    "sol_model": {
      "filename": "if_sol_model.pkl",
      "f1_score": 0.3263157894736842,
      "params": {
        "n_estimators": 146,
        "contamination": 0.19482880832923394,
        "max_features": 0.57765792952758,
        "n_max_features": 18391,
        "n_min_df": 1
      },
      "field": "X_code"
    },
    "opcode_model": {
      "filename": "if_opcode_model.pkl",
      "f1_score": 0.32460732984293195,
      "params": {
        "n_estimators": 180,
        "contamination": 0.19996497271431665,
        "max_features": 0.8603558891237968,
        "n_max_features": 8228,
        "n_min_df": 5,
        "ngram_range": "2"
      },
      "field": "X_opcode_seq"
    },
    "gru_model": {
      "filename": "gru_ae_model.keras",
      "MSE": 5.996306108639641e+32,
      "params": {
        "units": 57,
        "lr": 0.0007311013715484833,
        "batch_size": 43,
        "epochs": 40
      },
      "threshold": 1000000.0,
      "field": "X_timeline_seq"
    },
    "fusion_model": {
      "f1_score": 0.90625,
      "weights": {
        "if_opcode": 0.8525788897980418,
        "ae_timeline": 0.4721675133823272
      },
      "threshold": 0.32754887258847304
    }
  },
  "label_names": [
    "Leak",
    "Limit",
    "Mint"
  ],
  "train_size": 179,
  "test_size": 45,
  "notes": "Optuna 100 trials per model; test split=0.2."
}